{"cameraMode":{"drawMode":0,"name":"Shaded","section":"Shading Mode"},"sceneLighting":true,"audioPlay":false,"sceneViewState":{"showFog":false,"showMaterialUpdate":false,"showSkybox":false,"showFlares":false,"showImageEffects":false,"showParticleSystems":false},"in2DMode":false,"pivot":{"x":-945.8869018554688,"y":33.75914764404297,"z":-147.63597106933595},"rotation":{"x":-0.23661324381828309,"y":0.5779125690460205,"z":-0.1799243688583374,"w":-0.760055422782898},"size":346.3501281738281,"orthographic":false}