{"cameraMode":{"drawMode":0,"name":"Shaded","section":"Shading Mode"},"sceneLighting":true,"audioPlay":false,"sceneViewState":{"showFog":false,"showMaterialUpdate":false,"showSkybox":false,"showFlares":false,"showImageEffects":false,"showParticleSystems":false},"in2DMode":false,"pivot":{"x":497.6141662597656,"y":224.68423461914063,"z":7.5518798828125},"rotation":{"x":-0.00749982800334692,"y":0.000296533020446077,"z":-0.000002428979087198968,"w":-0.9999785423278809},"size":405.599609375,"orthographic":false}