{"cameraMode":{"drawMode":0,"name":"Shaded","section":"Shading Mode"},"sceneLighting":true,"audioPlay":false,"sceneViewState":{"showFog":false,"showMaterialUpdate":false,"showSkybox":false,"showFlares":false,"showImageEffects":false,"showParticleSystems":false},"in2DMode":false,"pivot":{"x":80.58674621582031,"y":146.3428955078125,"z":-121.56920623779297},"rotation":{"x":-0.09463009983301163,"y":0.03020310029387474,"z":-0.0028133259620517494,"w":-0.9951034784317017},"size":16.047266006469728,"orthographic":false}