{"cameraMode":{"drawMode":0,"name":"Shaded","section":"Shading Mode"},"sceneLighting":true,"audioPlay":false,"sceneViewState":{"showFog":false,"showMaterialUpdate":false,"showSkybox":false,"showFlares":false,"showImageEffects":false,"showParticleSystems":false},"in2DMode":false,"pivot":{"x":-22.675338745117189,"y":159.60147094726563,"z":-413.8577880859375},"rotation":{"x":-0.2568499743938446,"y":0.019419683143496515,"z":-0.005169866140931845,"w":-0.9662641882896423},"size":1.7003049850463868,"orthographic":false}