{"cameraMode":{"drawMode":0,"name":"Shaded","section":"Shading Mode"},"sceneLighting":true,"audioPlay":false,"sceneViewState":{"showFog":false,"showMaterialUpdate":false,"showSkybox":false,"showFlares":false,"showImageEffects":false,"showParticleSystems":false},"in2DMode":false,"pivot":{"x":-1036.3916015625,"y":-48.487060546875,"z":-71.68914794921875},"rotation":{"x":-0.18491283059120179,"y":0.4761681854724884,"z":-0.1030866727232933,"w":-0.8535537719726563},"size":165.7822723388672,"orthographic":false}