{"cameraMode":{"drawMode":0,"name":"Shaded","section":"Shading Mode"},"sceneLighting":true,"audioPlay":false,"sceneViewState":{"showFog":false,"showMaterialUpdate":false,"showSkybox":false,"showFlares":false,"showImageEffects":false,"showParticleSystems":false},"in2DMode":false,"pivot":{"x":-922.4535522460938,"y":63.58564758300781,"z":-159.07740783691407},"rotation":{"x":0.03100617043673992,"y":0.7578925490379334,"z":0.03621615469455719,"w":-0.6507213711738586},"size":62.79816818237305,"orthographic":false}